{
  "optimal_configuration": {
    "configuration": {
      "name": "large_beam",
      "vad_tail_ms": 300,
      "beam_size": 10,
      "temperature": 0.0,
      "no_speech_threshold": 0.6,
      "description": "Higher accuracy with larger beam"
    },
    "latency": {
      "mean": 94.26103739970131,
      "median": 94.39312499307562,
      "stdev": 0.46734197776749886,
      "min": 93.23920801398344,
      "max": 94.64074998686556,
      "p90": 94.64074998686556,
      "p99": 94.64074998686556
    },
    "accuracy": {
      "mean": 0.95,
      "median": 0.95,
      "min": 0.95,
      "max": 0.95
    },
    "samples_tested": 10,
    "meets_target": true
  },
  "all_results": [
    {
      "configuration": {
        "name": "baseline",
        "vad_tail_ms": 500,
        "beam_size": 5,
        "temperature": 0.0,
        "no_speech_threshold": 0.6,
        "description": "Current production settings"
      },
      "latency": {
        "mean": 102.10815010213992,
        "median": 102.13368749828078,
        "stdev": 0.30413778418432375,
        "min": 101.29687500011642,
        "max": 102.39841700240504,
        "p90": 102.39841700240504,
        "p99": 102.39841700240504
      },
      "accuracy": {
        "mean": 0.9,
        "median": 0.9,
        "min": 0.9,
        "max": 0.9
      },
      "samples_tested": 10,
      "meets_target": true
    },
    {
      "configuration": {
        "name": "fast_vad_200",
        "vad_tail_ms": 200,
        "beam_size": 5,
        "temperature": 0.0,
        "no_speech_threshold": 0.6,
        "description": "Aggressive VAD for fast response"
      },
      "latency": {
        "mean": 71.9241497979965,
        "median": 72.02135399711551,
        "stdev": 0.31026101537449874,
        "min": 71.32929099316243,
        "max": 72.25533299788367,
        "p90": 72.25533299788367,
        "p99": 72.25533299788367
      },
      "accuracy": {
        "mean": 0.9,
        "median": 0.9,
        "min": 0.9,
        "max": 0.9
      },
      "samples_tested": 10,
      "meets_target": true
    },
    {
      "configuration": {
        "name": "fast_vad_300",
        "vad_tail_ms": 300,
        "beam_size": 5,
        "temperature": 0.0,
        "no_speech_threshold": 0.6,
        "description": "Moderate VAD timing"
      },
      "latency": {
        "mean": 81.88415409676963,
        "median": 81.94431249285117,
        "stdev": 0.2876761780076151,
        "min": 81.25145800295286,
        "max": 82.17199999489821,
        "p90": 82.17199999489821,
        "p99": 82.17199999489821
      },
      "accuracy": {
        "mean": 0.9,
        "median": 0.9,
        "min": 0.9,
        "max": 0.9
      },
      "samples_tested": 10,
      "meets_target": true
    },
    {
      "configuration": {
        "name": "fast_vad_400",
        "vad_tail_ms": 400,
        "beam_size": 5,
        "temperature": 0.0,
        "no_speech_threshold": 0.6,
        "description": "Conservative VAD timing"
      },
      "latency": {
        "mean": 91.5958708996186,
        "median": 91.6490414965665,
        "stdev": 0.600202635109849,
        "min": 90.38941700418945,
        "max": 92.14854199672118,
        "p90": 92.14854199672118,
        "p99": 92.14854199672118
      },
      "accuracy": {
        "mean": 0.9,
        "median": 0.9,
        "min": 0.9,
        "max": 0.9
      },
      "samples_tested": 10,
      "meets_target": true
    },
    {
      "configuration": {
        "name": "small_beam",
        "vad_tail_ms": 300,
        "beam_size": 1,
        "temperature": 0.0,
        "no_speech_threshold": 0.6,
        "description": "Faster ASR with smaller beam"
      },
      "latency": {
        "mean": 71.89906249986961,
        "median": 72.13170849718153,
        "stdev": 0.47329248415321007,
        "min": 70.96399999863934,
        "max": 72.31058299657889,
        "p90": 72.31058299657889,
        "p99": 72.31058299657889
      },
      "accuracy": {
        "mean": 0.86,
        "median": 0.86,
        "min": 0.86,
        "max": 0.86
      },
      "samples_tested": 10,
      "meets_target": true
    },
    {
      "configuration": {
        "name": "medium_beam",
        "vad_tail_ms": 300,
        "beam_size": 3,
        "temperature": 0.0,
        "no_speech_threshold": 0.6,
        "description": "Balanced beam size"
      },
      "latency": {
        "mean": 77.08230439893669,
        "median": 77.17764599510701,
        "stdev": 0.21878469121875188,
        "min": 76.60816700081341,
        "max": 77.2971249971306,
        "p90": 77.2971249971306,
        "p99": 77.2971249971306
      },
      "accuracy": {
        "mean": 0.88,
        "median": 0.88,
        "min": 0.88,
        "max": 0.88
      },
      "samples_tested": 10,
      "meets_target": true
    },
    {
      "configuration": {
        "name": "large_beam",
        "vad_tail_ms": 300,
        "beam_size": 10,
        "temperature": 0.0,
        "no_speech_threshold": 0.6,
        "description": "Higher accuracy with larger beam"
      },
      "latency": {
        "mean": 94.26103739970131,
        "median": 94.39312499307562,
        "stdev": 0.46734197776749886,
        "min": 93.23920801398344,
        "max": 94.64074998686556,
        "p90": 94.64074998686556,
        "p99": 94.64074998686556
      },
      "accuracy": {
        "mean": 0.95,
        "median": 0.95,
        "min": 0.95,
        "max": 0.95
      },
      "samples_tested": 10,
      "meets_target": true
    },
    {
      "configuration": {
        "name": "low_threshold",
        "vad_tail_ms": 300,
        "beam_size": 5,
        "temperature": 0.0,
        "no_speech_threshold": 0.3,
        "description": "More sensitive to speech"
      },
      "latency": {
        "mean": 81.8493708022288,
        "median": 81.99893750133924,
        "stdev": 0.327912791683689,
        "min": 81.3345000060508,
        "max": 82.18391600530595,
        "p90": 82.18391600530595,
        "p99": 82.18391600530595
      },
      "accuracy": {
        "mean": 0.9,
        "median": 0.9,
        "min": 0.9,
        "max": 0.9
      },
      "samples_tested": 10,
      "meets_target": true
    },
    {
      "configuration": {
        "name": "high_threshold",
        "vad_tail_ms": 300,
        "beam_size": 5,
        "temperature": 0.0,
        "no_speech_threshold": 0.8,
        "description": "Less sensitive to noise"
      },
      "latency": {
        "mean": 81.92948740033899,
        "median": 82.04035450035008,
        "stdev": 0.3639184708458742,
        "min": 81.32425000076182,
        "max": 82.26112500415184,
        "p90": 82.26112500415184,
        "p99": 82.26112500415184
      },
      "accuracy": {
        "mean": 0.9,
        "median": 0.9,
        "min": 0.9,
        "max": 0.9
      },
      "samples_tested": 10,
      "meets_target": true
    },
    {
      "configuration": {
        "name": "with_temperature",
        "vad_tail_ms": 300,
        "beam_size": 5,
        "temperature": 0.2,
        "no_speech_threshold": 0.6,
        "description": "Slight randomness in decoding"
      },
      "latency": {
        "mean": 82.05538329930278,
        "median": 82.14643749670358,
        "stdev": 0.26213966325639493,
        "min": 81.56449999660254,
        "max": 82.25700000184588,
        "p90": 82.25700000184588,
        "p99": 82.25700000184588
      },
      "accuracy": {
        "mean": 0.9,
        "median": 0.9,
        "min": 0.9,
        "max": 0.9
      },
      "samples_tested": 10,
      "meets_target": true
    },
    {
      "configuration": {
        "name": "speed_optimized",
        "vad_tail_ms": 250,
        "beam_size": 2,
        "temperature": 0.0,
        "no_speech_threshold": 0.5,
        "description": "Maximum speed configuration"
      },
      "latency": {
        "mean": 69.6905875010998,
        "median": 69.65597900125431,
        "stdev": 0.13588169881863624,
        "min": 69.52904199715704,
        "max": 70.04970900015905,